OrderNumber	InvoiceDate	Status	StatusDescription	CustomerCode	SalespersonCode	AssemblerCode	ShippingCode	CustomerPO	Initials	EstimatedOrder	ShipTo_Address1	ShipTo_Address2	ShipTo_City	ShipTo_Name	ShipTo_State	ShipTo_Zip	SoldTo_Address1	SoldTo_Address2	SoldTo_City	SoldTo_Name	SoldTo_State	SoldTo_Zip	TotalWeight	TotalFreightDist	InvoiceAppliedTo	SaleType	InvSubtotalTaxable	ScheduledShipDate	InvoiceSubtotal	TermsDescription	CustomerReleaseDate	OrderDate
608415	06/21/2011	92	Posted To General Ledger	3243	25	0	101	8532083Y	kg	14925.21	800 SUPREME DR.	 	BENSENVILLE	US FOODSERVICE-CHICAGO	IL	60106	TRADE PAYABLES	P.O. BOX 29283	PHOENIX	US FOOD - CHICAGO 3Y	AZ	85038-9283	1526.4	0	0	1	14894.69	06/15/2011	14894.69	Net 14 Days	06/15/2011	06/15/2011
608495	06/21/2011	92	Posted To General Ledger	3243	25	0	101	8624563Y	kg	26365.3	800 SUPREME DR.	 	BENSENVILLE	US FOODSERVICE-CHICAGO	IL	60106	TRADE PAYABLES	P.O. BOX 29283	PHOENIX	US FOOD - CHICAGO 3Y	AZ	85038-9283	5833.03	0	0	1	26248.64	06/15/2011	26248.64	Net 14 Days	06/15/2011	06/15/2011
608709	06/21/2011	92	Posted To General Ledger	654	14	17	140		DB	1688.2	2425 ROCKY POINT ROAD		TAMPA	RUSTY PELICAN - TAMPA	FL	33607	2425 ROCKY POINT ROAD		TAMPA	RUSTY PELICAN	FL	33607	152.74	60	0	1	1688.2	06/20/2011	1688.2	Net 30 Days	06/20/2011	06/20/2011
608710	06/21/2011	92	Posted To General Ledger	579	9	17	140		DB	1101.45	1 WASHINGTON AVE		MIAMI BEACH	SMITH & WOLLENSKY - MIAMI	FL	33139	1 WASHINGTON AVE	AT SOUTH POINTE PARK	MIAMI BEACH	SMITH & WOLLENSKY - MIAMI	FL	33139	104.8	0	0	1	1084.68	06/20/2011	1084.68	5% PROMPT PA	06/20/2011	06/20/2011
608719	06/21/2011	92	Posted To General Ledger	3243	25	17	101	8757453Y	kg	21650.37	800 SUPREME DR.	 	BENSENVILLE	US FOODSERVICE-CHICAGO	IL	60106	TRADE PAYABLES	P.O. BOX 29283	PHOENIX	US FOOD - CHICAGO 3Y	AZ	85038-9283	3468.64	0	0	1	21581	06/20/2011	21581	Net 14 Days	06/20/2011	06/20/2011
608720	06/21/2011	92	Posted To General Ledger	71	29	0	101		DB	2230.18	235 PARKWAY DR.		LINCOLNSHIRE	WILDFIRE - LINCOLN	IL	60069	235 PARKWAY DR.		LINCOLNSHIRE	WILDFIRE - LINCOLN	IL	60069	290.89	40	0	1	2230.18	06/20/2011	2230.18	20th EOM	06/20/2011	06/20/2011
608722	06/21/2011	92	Posted To General Ledger	3869	29	23	305		DB	3806.41	94 PERIMETER CENTER WEST 		ATLANTA 	WILDFIRE - ATLANTA 	GA	30346	94 PERIMETER CENTER WEST		ATLANTA	WILDFIRE - ATLANTA            	GA	30346	438.32	55	0	1	3806.41	06/20/2011	3806.41	20th EOM	06/20/2011	06/20/2011
608733	06/21/2011	92	Posted To General Ledger	4105	4	23	28		GR	2779.5	515 15TH ST. NW		WASHINGTON	W HOTEL WASHINGTON DC	DC	20004	515 15TH ST. NW		WASHINGTON	W HOTEL WASHINGTON DC	DC	20004	147.18	0	0	1	2779.5	06/20/2011	2779.5	Net 14 Days	06/20/2011	06/20/2011
608737	06/21/2011	92	Posted To General Ledger	1015	4	17	413		GR	3601.73	1 LAKE CIRCLE 		COLORADO SPRINGS	THE BROADMOOR HOTEL	CO	80906	P.O. BOX 1439	ATTN: ACCOUNTS PAYABLE DEPT.	COLORADO SPRINGS	THE BROADMOOR HOTEL	CO	80906-1439	457.6	95	0	1	3601.73	06/20/2011	3601.73	Net 30 Days	06/20/2011	06/20/2011
608739	06/21/2011	92	Posted To General Ledger	4136	4	23	101		GR	1447.67	2105 W. SPRING ROAD		OAK BROOK	GIBSON'S - OAKBROOK	IL	60523	2105 W. SPRING ROAD		OAK BROOK	GIBSON'S - OAKBROOK	IL	60523	133.6	40	0	1	1447.67	06/20/2011	1447.67	Net 30 Days	06/20/2011	06/20/2011
608743	06/21/2011	92	Posted To General Ledger	3691	29	17	101		DB	1626.11	1300 PATRIOT BLVD		GLENVIEW 	WILDFIRE - GLENVIEW	IL	60026	1300 PATRIOT BLVD		GLENVIEW	WILDFIRE - GLENVIEW	IL	60026	202.66	40	0	1	1626.11	06/20/2011	1626.11	20th EOM	06/20/2011	06/20/2011
608749	06/21/2011	92	Posted To General Ledger	3266	24	9	175	8701668L	JS	19514.07	28001 NAPIER RD		WIXOM	US FOODSERVICE-DETROIT/WIXOM	MI	48393	TRADES PAYABLES	P.O. BOX 29283	PHOENIX 	US FOOD - DET/WIXOM 8L	AZ	85038-9283	1998.02	0	0	1	19514.07	06/20/2011	19514.07	Net 14 Days	06/20/2011	06/20/2011
608750	06/21/2011	92	Posted To General Ledger	4083	9	17	30		DB	393.22	46585 QUAIL RUN LN.		INDIAN WELLS	ELSIE HOUCK	CA	92210	2610 FAIRMOUNT STREET		DALLAS	SOUTHERN ASSET SERVICE CORP.	TX	75201	10.8	0	0	1	361.8	06/20/2011	361.8	Net 14 Days	06/20/2011	06/20/2011
608753	06/21/2011	92	Posted To General Ledger	955	29	17	101		DB	3439.33	232 OAKBROOK CENTER		OAKBROOK	WILDFIRE - OAKBROOK	IL	60523	232 OAK BROOK CENTER	43	OAK BROOK	WILDFIRE - OAK BROOK	IL	60523	399.63	40	0	1	3439.33	06/20/2011	3439.33	20th EOM	06/20/2011	06/20/2011
608754	06/21/2011	92	Posted To General Ledger	3217	20	23	3	8839433V	JS	2461.31	12301 CUMBERLAND RD		FISHERS	US FOODSERVICE - INDIANAPOLIS	IN	46038	TRADES PAYABLES	P.O. BOX 29283	PHOENIX	US FOOD - INDY 3V	AZ	85038-9283	501.56	0	0	1	2461.31	06/20/2011	2461.31	Net 14 Days	06/20/2011	06/20/2011
608756	06/21/2011	92	Posted To General Ledger	3451	1	0	401		SAT	546.41	2324 MOUND RD		JOLIET	KALUZNY BROS., INC.	IL	60436	2324 MOUND RD		JOLIET	KALUZNY BROS., INC.	IL	60436	4841	0	0	1	0	06/20/2011	546.41	Net 14 Days	06/20/2011	06/20/2011
608762	06/21/2011	92	Posted To General Ledger	321	9	9	432		DB	765.78	1500 E. HIGHWAY 175	PO BOX 869	CRANDALL	CRANDALL COTTON GIN RESTAURANT	TX	75114	1500 E. HIGHWAY 175	PO BOX 869	CRANDALL	CRANDALL COTTON GIN RESTAURANT	TX	75114-0869	182.38	0	0	1	765.78	06/20/2011	765.78	Net 30 Days	06/20/2011	06/20/2011
608763	06/21/2011	92	Posted To General Ledger	3040	9	35	305		DB	2748.31	1015 CROWN POINTE PARKWAY		ATLANTA	JOEY D'S	GA	30338	1015 CROWN POINTE PARKWAY		ATLANTA	JOEY D'S	GA	30338	223.52	0	0	1	2671.43	06/20/2011	2671.43	Net 30 Days	06/20/2011	06/20/2011
608764	06/21/2011	92	Posted To General Ledger	3487	29	23	101		DB	4636.59	1250 E HIGGINS RD		SCHAUMBURG 	WILDFIRE - SCHAUMBURG	IL	60173	1250 E HIGGINS RD		SCHAUMBURG	WILDFIRE - SCHAUMBURG	IL	60173	521.19	40	0	1	4636.59	06/20/2011	4636.59	20th EOM	06/20/2011	06/20/2011
608770	06/21/2011	92	Posted To General Ledger	3715	3	9	363		JS	9772.69	1 BETHESDA METRO CENTER 	7400 WISCONSIN AVE 	BETHESDA	MORTON'S - BETHESDA 	MD	20814	1 BETHESDA METRO CENTER	7400 WISCONSIN AVE	BETHESDA	MORTON'S - BETHESDA 	MD	20814	618.66	0	0	1	9772.69	06/20/2011	9772.69	Net 30 Days	06/20/2011	06/20/2011
608773	06/21/2011	92	Posted To General Ledger	267	3	38	448		JS	4877.65	5050 TOWN CENTER CIRCLE	SUITE 219	BOCA RATON	MORTON'S - BOCA RATON	FL	33486	5050 TOWN CENTER CIRCLE	SUITE 219	BOCA RATON	MORTON'S - BOCA RATON	FL	33486	370.72	60	0	1	4877.65	06/20/2011	4877.65	Net 30 Days	06/20/2011	06/20/2011
608775	06/21/2011	92	Posted To General Ledger	3243	25	9	101	8874963Y	kg	3864.75	800 SUPREME DR.	 	BENSENVILLE	US FOODSERVICE-CHICAGO	IL	60106	TRADE PAYABLES	P.O. BOX 29283	PHOENIX	US FOOD - CHICAGO 3Y	AZ	85038-9283	309.18	0	0	1	3858.57	06/20/2011	3858.57	Net 14 Days	06/20/2011	06/20/2011
608776	06/21/2011	92	Posted To General Ledger	746	2	23	401	00931	JS	2233.46	4044 SOUTH HALSTED		CHICAGO	GREAT WESTERN BEEF CO	IL	60609-2671	4044 SOUTH HALSTED		CHICAGO	GREAT WESTERN BEEF CO	IL	60609-2671	262.76	0	0	1	2233.46	06/20/2011	2233.46	Net 7 Days	06/20/2011	06/20/2011
608777	06/21/2011	92	Posted To General Ledger	1405	3	38	447		JS	6083.68	227 W TRADE STREET		CHARLOTTE	MORTON'S - CHARLOTTE N.C.	NC	28202	227 W TRADE STREET		CHARLOTTE	MORTON'S - CHARLOTTE N.C.	NC	28202	373.18	0	0	1	6083.68	06/20/2011	6083.68	Net 30 Days	06/20/2011	06/20/2011
608779	06/21/2011	92	Posted To General Ledger	3266	24	9	365	8884468L	JS	2431.58	28001 NAPIER RD		WIXOM	US FOODSERVICE-DETROIT/WIXOM	MI	48393	TRADES PAYABLES	P.O. BOX 29283	PHOENIX 	US FOOD - DET/WIXOM 8L	AZ	85038-9283	133.08	0	0	1	2431.58	06/20/2011	2431.58	Net 14 Days	06/20/2011	06/20/2011
608780	06/21/2011	92	Posted To General Ledger	1491	3	38	447		JS	4292.82	441 VINE STREET	THE CAREW TOWER 	CINCINNATI	MORTON'S - CINCINNATI	OH	45202	441 VINE STREET 	THE CAREW TOWER	CINCINNATI	MORTON'S - CINCINNATI	OH	45202	265.1	100	0	1	4292.82	06/20/2011	4292.82	Net 30 Days	06/20/2011	06/20/2011
608782	06/21/2011	92	Posted To General Ledger	748	4	0	101		GR	13926.3	1028 NORTH RUSH		CHICAGO	GIBSON'S	IL	60611	1028 NORTH RUSH		CHICAGO	GIBSON'S	IL	60611	901.14	40	0	1	13926.3	06/20/2011	13926.3	Net 30 Days	06/20/2011	06/20/2011
608791	06/21/2011	92	Posted To General Ledger	3974	29	35	28		DB	9035.51	1714 U INTERNATIONAL DRIVE 	                              	MC LEAN 	WILDFIRE - TYSONS GALLERIA 	VA	22102	1714 U INTERNATIONAL DRIVE		MC LEAN	WILDFIRE - TYSONS GALLERIA    	VA	22102	933.94	0	0	1	9035.51	06/20/2011	9035.51	20th EOM	06/20/2011	06/20/2011
608792	06/21/2011	92	Posted To General Ledger	1455	3	38	350		JS	6895.74	1600 WEST SECOND STREET	 	CLEVELAND	MORTON'S - CLEVELAND	OH	44113	1600 WEST SECOND STREET	  	CLEVELAND	MORTON'S - CLEVELAND 	OH	44113	422.62	164	0	1	6895.74	06/20/2011	6895.74	Net 30 Days	06/20/2011	06/20/2011
608793	06/21/2011	92	Posted To General Ledger	3032	3	9	363		JS	18252.58	777 NORTHERN BLVD		GREAT NECK	MORTON'S - GREAT NECK	NY	11020 	777 NORTHERN BLVD		GREAT NECK	MORTON'S - GREAT NECK	NY	11020 	1164.16	0	0	1	18252.58	06/20/2011	18252.58	Net 30 Days	06/20/2011	06/20/2011
608794	06/21/2011	92	Posted To General Ledger	3361	3	9	363		JS	5762.21	274 RIVERSIDE SQUARE		HACKENSACK	MORTON'S - PARAMUS	NJ	07601	274 RIVERSIDE SQUARE		HACKENSACK	MORTON'S - PARAMUS	NJ	07601	381.86	0	0	1	5762.21	06/20/2011	5762.21	Net 30 Days	06/20/2011	06/20/2011
608797	06/21/2011	92	Posted To General Ledger	4114	3	38	360		JS	4865.22	4041 COLLINS AVE.		MIAMI BEACH	MORTON'S MIAMI BEACH-COLLINS	FL	33140	4041 COLLINS AVE.		MIAMI BEACH	MORTON'S MIAMI BEACH-COLLINS	FL	33140	320.66	0	0	1	4865.22	06/20/2011	4865.22	Net 30 Days	06/20/2011	06/20/2011
608798	06/21/2011	92	Posted To General Ledger	778	3	38	448		JS	8127.54	17399 BISCAYNE BLVD.		NORTH MIAMI	MORTON'S - NORTH MIAMI	FL	33160	17399 BISCAYNE BLVD.		NORTH MIAMI	MORTON'S - NORTH MIAMI	FL	33160	527.4	60	0	1	8127.54	06/20/2011	8127.54	Net 30 Days	06/20/2011	06/20/2011
608800	06/21/2011	92	Posted To General Ledger	1421	3	38	448		JS	5426.33	777 S. FLAGER DRIVE		WEST PALM BEACH	MORTON'S - WEST PALM BEACH	FL	33401	777 S. FLAGER DRIVE 		WEST PALM BEACH	MORTON'S - WEST PALM BEACH	43	33401	422.54	75	0	1	5426.33	06/20/2011	5426.33	Net 30 Days	06/20/2011	06/20/2011
608801	06/21/2011	92	Posted To General Ledger	1462	3	9	363		JS	2915.75	1411 WALNUT STREET	         	PHILADELPHIA	MORTON'S - PHILADELPHIA	PA	19102	1411 WALNUT STREET	              	PHILADELPHIA	MORTON'S - PHILADELPHIA	PA	19102	202.92	0	0	1	2915.75	06/20/2011	2915.75	Net 30 Days	06/20/2011	06/20/2011
608802	06/21/2011	92	Posted To General Ledger	1445	3	38	447		JS	12040.65	625 LIBERTY AVE	SUITE 180	PITTSBURGH	MORTON'S - PITTSBURGH	PA	15222	625 LIBERTY AVE	SUITE 180	PITTSBURGH	MORTON'S - PITTSBURGH	PA	15222	705.24	55	0	1	12040.65	06/20/2011	12040.65	Net 30 Days	06/20/2011	06/20/2011
608803	06/21/2011	92	Posted To General Ledger	3435	22	23	28	8866862I	GR	16447.48	2161 PERTH AMBOY WHS   2160/OS	1051 AMBOY AVE	PERTH AMBOY	US FOOD - NEW YORK METRO	NJ	08861	TRADES PAYABLES	P.O. BOX 29283	PHOENIX	US FOOD-NEW YORK (2I)	AZ	85038-9283	1773.4	0	0	1	16447.48	06/20/2011	16447.48	Net 14 Days	06/20/2011	06/20/2011
608804	06/21/2011	92	Posted To General Ledger	3844	3	38	447		JS	7271.93	888 WEST BIG BEAVER ROAD		TROY	MORTON'S - TROY     	MI	48084	888 WEST BIG BEAVER ROAD	SUITE 111	TROY	MORTON'S - TROY     	MI	48084	438.16	0	0	1	7271.93	06/20/2011	7271.93	Net 30 Days	06/20/2011	06/20/2011
608805	06/21/2011	92	Posted To General Ledger	3650	3	9	363		JS	8365.87	9 MAPLE AVE		WHITE PLAINS	MORTON'S - WHITE PLAINS	NY	10605	9 MAPLE AVE		WHITE PLAINS	MORTON'S - WHITE PLAINS	NY	43	559.44	0	0	1	8365.87	06/20/2011	8365.87	Net 30 Days	06/20/2011	06/20/2011
608807	06/21/2011	92	Posted To General Ledger	3243	25	9	101	8899633Y	kg	1274.42	800 SUPREME DR.	 	BENSENVILLE	US FOODSERVICE-CHICAGO	IL	60106	TRADE PAYABLES	P.O. BOX 29283	PHOENIX	US FOOD - CHICAGO 3Y	AZ	85038-9283	149.8	0	0	1	1273.3	06/20/2011	1273.3	Net 14 Days	06/20/2011	06/20/2011
608808	06/21/2011	92	Posted To General Ledger	4055	22	35	28	8895792C	GR	2089.93	8024 TELEGRAPH ROAD		SEVERN	USF - BALT/WASH (2C)	MD	21144	8024 TELEGRAPH ROAD		SEVERN	US FOOD - BALT/WASH 2C	43	21144	255.18	0	0	1	2089.93	06/20/2011	2089.93	Net 14 Days	06/20/2011	06/20/2011
608812	06/21/2011	92	Posted To General Ledger	855	4	35	432		GR	15054.54	812 MAIN STREET		FT. WORTH	DEL FRISCO STEAK HSE-FT. WORTH	TX	76102	812 MAIN STREET		FT. WORTH	DEL FRISCO STEAK HSE-FT. WORTH	TX	76102	1478.96	0	0	1	14814.69	06/20/2011	14814.69	Net 14 Days	06/20/2011	06/20/2011
608814	06/21/2011	92	Posted To General Ledger	1033	4	23	101		GR	5110.47	DBA GIBSONS STEAKHOUSE	5464 NO RIVER ROAD	ROSEMONT	RIVER ROAD ASSOCIATES L.L.C.	IL	60018	DBA GIBSONS STEAKHOUSE 	5464 NO RIVER ROAD	ROSEMONT	RIVER ROAD	IL	60018	357.3	40	0	1	5110.47	06/20/2011	5110.47	Net 30 Days	06/20/2011	06/20/2011
608816	06/21/2011	92	Posted To General Ledger	606	4	17	140		GR	1449.71	4650 N. FEDERAL HIGHWAY 	LIGHTHOUSE POINT 	LIGHTHOUSE POINT	FIFTH AVENUE GRILL 	FL	33064	900 EAST ATLANTIC AVENUE #12		DEL RAY BEACH	FIFTH AVENUE GRILL-LIGHTHOUSE	FL	33483-6954	202.68	81	0	1	1449.71	06/20/2011	1449.71	20th EOM	06/20/2011	06/20/2011
608818	06/21/2011	92	Posted To General Ledger	3450	9	17	305	DON	DB	7405.17	3424 PEACHTREE RD	N.E. SUITE 100	ATLANTA	NEW YORK PRIME - ATLANTA	GA	30326	3424 PEACHTREE RD	N.E. SUITE 100	ATLANTA	NEW YORK PRIME - ATLANTA	GA	30326	341.04	0	0	1	7266.13	06/20/2011	7266.13	Net 30 Days	06/20/2011	06/20/2011
608820	06/21/2011	92	Posted To General Ledger	3379	25	0	401	GERALDINE/LADY GREG	JS	8.15	800 SUPREME DR	 	BENSENVILLE	US FOODSERVICE - CHICAGO	IL	60106	TRADE PAYABLES 	800 SUPREME DR	BENSENVILLE	USFOOD - CHICAGO SAMPLES 3Y	43	60106	1.28	0	0	1	8.15	06/20/2011	8.15	Net 30 Days	06/20/2011	06/20/2011
608821	06/21/2011	92	Posted To General Ledger	688	9	17	101		DB	298.86	1031 N. RUSH		CHICAGO	TAVERN ON RUSH	IL	60611	1031 N. RUSH		CHICAGO	TAVERN ON RUSH	IL	60611	35.16	40	0	1	298.86	06/20/2011	298.86	Net 30 Days	06/20/2011	06/20/2011
608822	06/21/2011	92	Posted To General Ledger	3765	7	17	101		DB	743.55	1762 N MILWAUKEE AVE		LIBERTYVILLE	CAFE PYRENEES	IL	60048	1762 N MILWAUKEE AVE		LIBERTYVILLE	CAFE PYRENEES	IL	60048	87.1	40	0	1	743.55	06/20/2011	743.55	Net 14 Days	06/20/2011	06/20/2011
608823	06/21/2011	92	Posted To General Ledger	159	9	17	140	3435	DB	8331.69	2350 EXECUTIVE CENTER DRIVE N.		BOCA RATON	NEW YORK PRIME	FL	33431	2350 EXECUTIVE CENTER DRIVE NW		BOCA RATON	NEW YORK PRIME - BOCA RATON	FL	33431	399.02	0	0	1	8184.09	06/20/2011	8184.09	Net 30 Days	06/20/2011	06/20/2011
608824	06/21/2011	92	Posted To General Ledger	3379	25	0	101	DOUGHERTY/JOSEPHS	kg	250.8	800 SUPREME DR	 	BENSENVILLE	US FOODSERVICE - CHICAGO	IL	60106	TRADE PAYABLES 	800 SUPREME DR	BENSENVILLE	USFOOD - CHICAGO SAMPLES 3Y	43	60106	23.54	0	0	1	250.8	06/20/2011	250.8	Net 30 Days	06/20/2011	06/20/2011
608827	06/21/2011	92	Posted To General Ledger	3640	23	17	401	PAR-A-DICE RIVERBOAT	JS	0	ONE QUALITY LANE 	 	STREATOR 	US FOODSERVICE - STREATOR 	IL	61364	ONE QUALITY LANE	 	STREATOR	US FOOD STREATOR 3K - SAMPLES	IL	61364	11.9	0	0	1	0	06/20/2011	0	Net 30 Days	06/20/2011	06/20/2011
608829	06/21/2011	92	Posted To General Ledger	3418	24	0	365	DOWNTOWN MAIN/ROADEN	JS	0	28001 NAPIER RD	 	WIXOM	US FOODSERVICE-DETROIT/WIXOM	MI	48393	28001 NAPIER RD	(SAMPLE ACCT)	WIXOM	US FOOD-DETROIT/WIXOM SAMPLE  	MI	48393	9.46	0	0	1	0	06/20/2011	0	Net 30 Days	06/20/2011	06/20/2011
608830	06/21/2011	92	Posted To General Ledger	4116	5	17	401	-	GR	266.84	2309 S. KEELER AVE.		CHICAGO	MARTIN PRODUCE	IL	60623	2309 S. KEELER AVE.		CHICAGO	MARTIN PRODUCE	IL	60623	76.24	0	0	1	266.84	06/20/2011	266.84	COD - Check	06/20/2011	06/20/2011
608831	06/21/2011	92	Posted To General Ledger	3418	24	0	365	ISLAND HOUSE/DON C.	JS	0	28001 NAPIER RD	 	WIXOM	US FOODSERVICE-DETROIT/WIXOM	MI	48393	28001 NAPIER RD	(SAMPLE ACCT)	WIXOM	US FOOD-DETROIT/WIXOM SAMPLE  	MI	48393	2.62	0	0	1	0	06/20/2011	0	Net 30 Days	06/20/2011	06/20/2011
608832	06/21/2011	92	Posted To General Ledger	3418	24	0	365	DETROIT GOLF CLUB	JS	0	28001 NAPIER RD	 	WIXOM	US FOODSERVICE-DETROIT/WIXOM	MI	48393	28001 NAPIER RD	(SAMPLE ACCT)	WIXOM	US FOOD-DETROIT/WIXOM SAMPLE  	MI	48393	27.82	0	0	1	0	06/20/2011	0	Net 30 Days	06/20/2011	06/20/2011
608833	06/21/2011	92	Posted To General Ledger	3418	24	0	365	CLEARYS PUB/ROADEN	JS	0	28001 NAPIER RD	 	WIXOM	US FOODSERVICE-DETROIT/WIXOM	MI	48393	28001 NAPIER RD	(SAMPLE ACCT)	WIXOM	US FOOD-DETROIT/WIXOM SAMPLE  	MI	48393	0.78	0	0	1	0	06/20/2011	0	Net 30 Days	06/20/2011	06/20/2011
608834	06/21/2011	92	Posted To General Ledger	3033	4	17	101		GR	1778.62	200 N. WAUKEGAN ROAD		DEERFIELD	CARSON'S-DEERFIELD	IL	60015	200 N. WAUKEGAN ROAD 		DEERFIELD	CARSON'S-DEERFIELD	IL	60015	318.8	40	0	1	1778.62	06/20/2011	1778.62	10th EOM	06/20/2011	06/20/2011
608835	06/21/2011	92	Posted To General Ledger	3474	20	0	3	DIDIER	JS	0	12301 CUMBERLAND RD	 	FISHERS	US FOODSERVICE - INDIANAPOLIS	IN	46038	FAX PHIL CURTIS	12301 CUMBERLAND RD	FISHERS	US FOOD INDY 3V - SAMPLES	IN	43	5.3	0	0	1	0	06/20/2011	0	Net 30 Days	06/20/2011	06/20/2011
608836	06/21/2011	92	Posted To General Ledger	3474	20	0	3	HARRYS STONE GRILL	JS	0	12301 CUMBERLAND RD	 	FISHERS	US FOODSERVICE - INDIANAPOLIS	IN	46038	FAX PHIL CURTIS	12301 CUMBERLAND RD	FISHERS	US FOOD INDY 3V - SAMPLES	IN	43	2.34	0	0	1	0	06/20/2011	0	Net 30 Days	06/20/2011	06/20/2011
608837	06/21/2011	92	Posted To General Ledger	3039	9	23	305		DB	1872.29	3500 PEACHTREE ROAD		ATLANTA	THE TAVERN AT PHIPPS	GA	30326	3500 PEACHTREE ROAD		ATLANTA	THE TAVERN AT PHIPPS	GA	30326	129.54	0	0	1	1801.29	06/20/2011	1801.29	Net 30 Days	06/20/2011	06/20/2011
608838	06/21/2011	92	Posted To General Ledger	3341	22	9	28	8924834V	GR	3924.13	2255 HIGH HILL ROAD		SWEDESBORO	US FOODSERVICE - PHILADELPHIA	NJ	08085	TRADES PAYABLES 	P.O. BOX 29283	PHOENIX	US FOOD - PHILADELPHIA 4V	AZ	29283	473.68	0	0	1	3924.13	06/20/2011	3924.13	Net 14 Days	06/20/2011	06/20/2011
608839	06/21/2011	92	Posted To General Ledger	938	29	23	101		DB	1110.97	159 W. ERIE STREET		CHICAGO	WILDFIRE - CHICAGO	IL	60610	159 W. ERIE STREET		CHICAGO	WILDFIRE - CHICAGO	IL	60610	143.9	40	0	1	1110.97	06/20/2011	1110.97	20th EOM	06/20/2011	06/20/2011
608840	06/21/2011	92	Posted To General Ledger	3795	1	17	401		JS	830.09	703 W. 47TH. STREET		CHICAGO	SULLIVAN PROVISIONS INC.	IL	60609	703 W. 47TH. STREET		CHICAGO	SULLIVAN PROVISIONS INC.	IL	60609	594.14	0	0	1	830.09	06/20/2011	830.09	Net 7 Days	06/20/2011	06/20/2011
608842	06/21/2011	92	Posted To General Ledger	3593	1	17	401		JS	1334.4	2021 W 18TH STREET		CHICAGO	ALEX MEATS INC.	IL	60608	5155 S SPRINGFIELD AVE		CHICAGO	ALEX MEATS INC.	IL	60632	1020	0	0	1	1334.4	06/20/2011	1334.4	COD - Cash	06/20/2011	06/20/2011
608843	06/21/2011	92	Posted To General Ledger	4078	9	35	432	1801001624	DB	4050.14	dba BOB'S STEAK & CHOP HOUSE	1300 HOUSTON STREET	FORT WORTH	OMNI HOTEL FORT WORTH    	TX	76102	dba BOB'S STEAK & CHOP HOUSE	1300 HOUSTON STREET	FORT WORTH	OMNI HOTEL FORT WORTH   	TX	76102	333.98	0	0	1	4050.14	06/20/2011	4050.14	Net 30 Days	06/20/2011	06/20/2011
608844	06/21/2011	92	Posted To General Ledger	1455	3	38	350		GR	395.03	1600 WEST SECOND STREET	 	CLEVELAND	MORTON'S - CLEVELAND	OH	44113	1600 WEST SECOND STREET	  	CLEVELAND	MORTON'S - CLEVELAND 	OH	44113	47.7	164	0	1	395.03	06/20/2011	395.03	Net 30 Days	06/20/2011	06/20/2011
608845	06/21/2011	92	Posted To General Ledger	177	4	35	413		GR	11165.72	8100 EAST ORCHARD ROAD		GREENWOOD VILLAGE	DEL FRISCO STK HSE - DENVER	CO	80111	8100 EAST ORCHARD ROAD		GREENWOOD VILLAGE	DEL FRISCO - DENVER	CO	80111	1156.86	0	0	1	10978.67	06/20/2011	10978.67	Net 14 Days	06/20/2011	06/20/2011
608847	06/21/2011	92	Posted To General Ledger	4006	3	9	101		GR	5879.68	1751 FREEDOM DR	 	NAPERVILLE	MORTON'S - NAPERVILLE 	IL	60563	1751 FREEDOM DR	 	NAPERVILLE	MORTON'S - NAPERVILLE 	IL	60563	364.36	40	0	1	5879.68	06/20/2011	5879.68	Net 30 Days	06/20/2011	06/20/2011
608848	06/21/2011	92	Posted To General Ledger	437	7	17	101		JS	1192.83	1255 SHERIDAN ROAD	   	GLENCOE	LAKE SHORE COUNTRY CLUB	IL	60022	1255 SHERIDAN RD	 	GLENCOE	LAKE SHORE COUNTRY CLUB	IL	60022	142.84	40	0	1	1192.83	06/21/2011	1192.83	10th EOM	06/21/2011	06/21/2011
608849	06/21/2011	92	Posted To General Ledger	2024	9	0	101		JS	502.74	437 NO. RUSH		CHICAGO	437 RUSH	IL	60611	437 NO. RUSH		CHICAGO	437 RUSH	IL	60611	25.2	40	0	1	502.74	06/21/2011	502.74	Net 30 Days	06/21/2011	06/21/2011
608850	06/21/2011	92	Posted To General Ledger	955	29	17	101		DB	328.08	232 OAKBROOK CENTER		OAKBROOK	WILDFIRE - OAKBROOK	IL	60523	232 OAK BROOK CENTER	43	OAK BROOK	WILDFIRE - OAK BROOK	IL	60523	65.32	40	0	1	328.08	06/21/2011	328.08	20th EOM	06/21/2011	06/21/2011
608851	06/21/2011	92	Posted To General Ledger	3943	9	23	432		DB	9907.27	1255 S MAIN ST	 	GRAPEVINE	BOB'S STEAK & CHOP         	TX	76051	1255 S MAIN ST	 	GRAPEVINE	BOB'S STEAK & CHOP-GRAPEVINE	TX	76051	725.77	0	0	1	9907.27	06/21/2011	9907.27	Net 21 Days	06/21/2011	06/21/2011
608852	06/21/2011	92	Posted To General Ledger	216	9	35	432		DB	882.78	4300 LEMMON AVENUE		DALLAS	BOB'S STEAK & CHOP HOUSE	TX	75219	4300 LEMMON AVENUE		DALLAS	BOB'S STEAK & CHOP - DALLAS	TX	75219	63.11	65	0	1	882.78	06/21/2011	882.78	Net 10 days	06/21/2011	06/21/2011
608853	06/21/2011	92	Posted To General Ledger	3280	9	23	432		DB	11911.82	5760 LEGACY DRIVE	SUITE B-1	PLANO	BOB'S STEAK & CHOP - PLANO	TX	75024	5760 LEGACY DRIVE	SUITE B-1	PLANO	BOB'S STEAK & CHOP - PLANO	TX	75024	910.2	65	0	1	11911.82	06/21/2011	11911.82	Net 21 Days	06/21/2011	06/21/2011
608854	06/21/2011	92	Posted To General Ledger	689	9	17	101		DB	360.55	318 NORTH STATE		CHICAGO,	SMITH & WOLLENSKY - CHGO	IL	60610	318 NORTH STATE		CHICAGO	SMITH & WOLLENSKY - CHGO	43	60610	105.7	40	0	1	360.55	06/21/2011	360.55	5% PROMPT PA	06/21/2011	06/21/2011
608855	06/21/2011	92	Posted To General Ledger	3474	20	0	3	AMERICAN TABLE/PRICE	JS	0	12301 CUMBERLAND RD	 	FISHERS	US FOODSERVICE - INDIANAPOLIS	IN	46038	FAX PHIL CURTIS	12301 CUMBERLAND RD	FISHERS	US FOOD INDY 3V - SAMPLES	IN	43	2.9	0	0	1	0	06/21/2011	0	Net 30 Days	06/21/2011	06/21/2011
608857	06/21/2011	92	Posted To General Ledger	3266	24	23	365	8947608L	JS	16275	28001 NAPIER RD		WIXOM	US FOODSERVICE-DETROIT/WIXOM	MI	48393	TRADES PAYABLES	P.O. BOX 29283	PHOENIX 	US FOOD - DET/WIXOM 8L	AZ	85038-9283	3500	0	0	1	16275	06/21/2011	16275	Net 14 Days	06/21/2011	06/21/2011
608859	06/21/2011	92	Posted To General Ledger	3243	25	0	401	8951153Y	JS	197.92	1800 N HALSTED	 	CHICAGO	BLACK DUCK	IL	60614	TRADE PAYABLES	P.O. BOX 29283	PHOENIX	US FOOD - CHICAGO 3Y	AZ	85038-9283	10.26	0	0	1	197.92	06/21/2011	197.92	Net 14 Days	06/21/2011	06/21/2011
608860	06/21/2011	92	Posted To General Ledger	4150	9	17	101		DB	383.34	300 N. LASALLE		CHICAGO	CHICAGO CUT STEAKHOUSE	IL	60654	300 N. LASALLE		CHICAGO	CHICAGO CUT STEAKHOUSE	IL	60654	66.55	40	0	1	383.34	06/21/2011	383.34	Net 14 Days	06/21/2011	06/21/2011
608863	06/21/2011	92	Posted To General Ledger	3974	29	35	28		DB	1249.55	1714 U INTERNATIONAL DRIVE 	                              	MC LEAN 	WILDFIRE - TYSONS GALLERIA 	VA	22102	1714 U INTERNATIONAL DRIVE		MC LEAN	WILDFIRE - TYSONS GALLERIA    	VA	22102	88.3	0	0	1	1249.55	06/21/2011	1249.55	20th EOM	06/21/2011	06/21/2011
608864	06/21/2011	92	Posted To General Ledger	2125	30	17	101		DB	0	1255 SHERIDAN ROAD	ATTN: SCOTT	GLENCOE	LAKESHORE C.C.	IL	60022	                              		                  	SAMPLE ACCOUNT - JOEY CIULLA 	  	          	0.8	0	0	1	0	06/21/2011	0	UPON RECPT	06/21/2011	06/21/2011
608865	06/21/2011	92	Posted To General Ledger	930	29	23	101		JS	1008.96	21 E. HUBBARD ST.	                              	CHICAGO	SHAWS CRAB HOUSE - CHICAGO 	IL	60611	21 E. HUBBARD ST.	        	CHICAGO	SHAWS CRAB HOUSE - CHICAGO 	IL	60611	57.82	40	0	1	1008.96	06/21/2011	1008.96	20th EOM	06/21/2011	06/21/2011
608867	06/21/2011	92	Posted To General Ledger	4164	5	17	101		GR	1241.66	320 W. 35TH STREET		CHICAGO	BACARDI AT THE PARK	IL	60616	320 W. 35TH STREET		CHICAGO	BACARDI AT THE PARK	IL	60616	524.6	40	0	1	1241.66	06/21/2011	1241.66	Net 30 Days	06/21/2011	06/21/2011
608868	06/21/2011	92	Posted To General Ledger	4161	4	9	28		GR	17731.58	250 NORTHERN AVE.	SUITE 200	BOSTON	DEL FRISCO'S - BOSTON	MA	02210	250 NORTHERN AVE.	SUITE 200	BOSTON	DEL FRISCO - BOSTON	MA	02210	1003.15	0	0	1	17731.58	06/21/2011	17731.58	Net 14 Days	06/21/2011	06/21/2011
608869	06/21/2011	92	Posted To General Ledger	640	14	0	140		DB	1022.05	1395 N.W. 57TH AVE.		MIAMI	94TH AERO SQUADRON	FL	33126	1395 N.W. 57TH AVE.		MIAMI	94TH AERO MIAMI    	FL	33126	112.5	81	0	1	1022.05	06/21/2011	1022.05	Net 30 Days	06/21/2011	06/21/2011
608874	06/21/2011	92	Posted To General Ledger	487	14	17	140		DB	975.61	3201 RICKENBACKER CAUSEWAY		KEY BISCAYNE	RUSTY PELICAN - KEY BISCAYNE	FL	33149	3201 RICKENBACKER CAUSEWAY		KEY BISCAYNE	RUSTY PELICAN	FL	33149	106.3	65	0	1	975.61	06/21/2011	975.61	Net 30 Days	06/21/2011	06/21/2011
608876	06/21/2011	92	Posted To General Ledger	3217	20	23	3	8992823V	JS	1000	12301 CUMBERLAND RD		FISHERS	US FOODSERVICE - INDIANAPOLIS	IN	46038	TRADES PAYABLES	P.O. BOX 29283	PHOENIX	US FOOD - INDY 3V	AZ	85038-9283	48.52	0	0	1	1000	06/21/2011	1000	Net 14 Days	06/21/2011	06/21/2011
608877	06/21/2011	92	Posted To General Ledger	3217	20	23	3	8993003V	JS	11582.46	12301 CUMBERLAND RD		FISHERS	US FOODSERVICE - INDIANAPOLIS	IN	46038	TRADES PAYABLES	P.O. BOX 29283	PHOENIX	US FOOD - INDY 3V	AZ	85038-9283	1433.34	0	0	1	11582.46	06/21/2011	11582.46	Net 14 Days	06/21/2011	06/21/2011
608878	06/21/2011	92	Posted To General Ledger	3243	25	23	401	8990323Y	GR	159.77	205 N BROADWAY	 	AURORA	TWO BROTHERS ROUNDHOUSE	IL	60505	TRADE PAYABLES	P.O. BOX 29283	PHOENIX	US FOOD - CHICAGO 3Y	AZ	85038-9283	25.84	0	0	1	159.77	06/21/2011	159.77	Net 14 Days	06/21/2011	06/21/2011
608879	06/21/2011	92	Posted To General Ledger	3670	7	9	140		DB	2041.45	915 LINCOLN ROAD		MIAMI BEACH	MEAT MARKET	FL	33139	927 LINCOLN ROAD	SUITE 208	MIAMI BEACH	MEAT MARKET	FL	33139	124.54	0	0	1	2041.45	06/21/2011	2041.45	Net 30 Days	06/21/2011	06/21/2011
608881	06/21/2011	92	Posted To General Ledger	3060	23	9	401	8999843K	JS	1570.48	ONE QUALITY LANE		STREATOR	US FOODSERVICE - STREATOR	IL	61364	TRADE PAYABLES 	P.O. BOX 29283	PHOENIX	US FOOD - STREATOR 3K 	az	85038	156.6	0	0	1	1570.48	06/21/2011	1570.48	Net 14 Days	06/21/2011	06/21/2011
608883	06/21/2011	92	Posted To General Ledger	267	3	0	448	BILL ONLY	SAT	120.54	5050 TOWN CENTER CIRCLE	SUITE 219	BOCA RATON	MORTON'S - BOCA RATON	FL	33486	5050 TOWN CENTER CIRCLE	SUITE 219	BOCA RATON	MORTON'S - BOCA RATON	FL	33486	10.62	60	0	1	120.54	06/21/2011	120.54	Net 30 Days	06/21/2011	06/21/2011
608884	06/21/2011	92	Posted To General Ledger	3285	22	23	28	8951212O	GR	13160.23	CENTENNIAL INDUSTRIAL PK	ONE TECHNOLOGY DRIVE	PEABODY	US FOODSERVICE - BOSTON	MA	01960	ATTN:  ACCOUNTS PAYABLE	P.O. BOX 29283	PHOENIX	US FOOD - BOSTON-NORTH 2O 	AZ	85038	1574	0	0	1	13160.23	06/21/2011	13160.23	Net 14 Days	06/21/2011	06/21/2011
608885	06/21/2011	92	Posted To General Ledger	4156	5	17	30	NO SIGNATURE REQFEDX	GR	248.99	80 RED CLIFF RD		UPPER BLACK EDDY	1821 STEAK & COCKTAILS	PA	18972	1821 STEAK & COCKTAILS	P.O. BOX 153  	UPPER BLACK EDDY	KATIE B. INC	PA	18972	10.66	0	0	1	225.46	06/21/2011	225.46	Net 14 Days	06/21/2011	06/21/2011
608887	06/21/2011	92	Posted To General Ledger	4151	9	17	30	3500014969	DB	1267.97	2138 BUSINESS ROUTE 220		BEDFORD	OMNI HOTEL	PA	15522	2138 BUSINESS ROUTE 220		BEDFORD	OMNI HOTEL - BEDFORD	PA	15522	59.84	50	0	1	1267.97	06/21/2011	1267.97	Net 30 Days	06/21/2011	06/21/2011
608888	06/21/2011	92	Posted To General Ledger	3266	24	9	365	9007198L	JS	3028.55	28001 NAPIER RD		WIXOM	US FOODSERVICE-DETROIT/WIXOM	MI	48393	TRADES PAYABLES	P.O. BOX 29283	PHOENIX 	US FOOD - DET/WIXOM 8L	AZ	85038-9283	303.38	0	0	1	3028.55	06/21/2011	3028.55	Net 14 Days	06/21/2011	06/21/2011
608889	06/21/2011	92	Posted To General Ledger	3801	4	0	101		GR	522.75	18 E BELLEVUE		CHICAGO	LUX BAR	IL	60611	18 E BELLEVUE		CHICAGO	LUX BAR	IL	60611	42.94	40	0	1	522.75	06/21/2011	522.75	Net 30 Days	06/21/2011	06/21/2011
608890	06/21/2011	92	Posted To General Ledger	353	9	17	140		DB	1564.42	331 S. COUNTY		PALM BEACH	CAFE L' EUROPE	FL	33480	331 S. COUNTY		PALM BEACH	CAFE L' EUROPE	FL	33480	92.06	65	0	1	1564.42	06/21/2011	1564.42	Net 30 Days	06/21/2011	06/21/2011
608891	06/21/2011	92	Posted To General Ledger	1445	3	17	30		JS	1085.5	625 LIBERTY AVE	SUITE 180	PITTSBURGH	MORTON'S - PITTSBURGH	PA	15222	625 LIBERTY AVE	SUITE 180	PITTSBURGH	MORTON'S - PITTSBURGH	PA	15222	60.46	55	0	1	1014.17	06/21/2011	1014.17	Net 30 Days	06/21/2011	06/21/2011
608892	06/21/2011	92	Posted To General Ledger	4014	7	17	30		DB	356.73	815 E BRADY ST		MILWAUKEE	BOSLEY ON BRADY	WI	53202	815 E BRADY ST		MILWAUKEE	BOSLEY ON BRADY	WI	53202	30.36	50	0	1	356.73	06/21/2011	356.73	Net 30 Days	06/21/2011	06/21/2011
608894	06/21/2011	92	Posted To General Ledger	4078	9	0	432	CREDIT	SAT	-673.2	dba BOB'S STEAK & CHOP HOUSE	1300 HOUSTON STREET	FORT WORTH	OMNI HOTEL FORT WORTH    	TX	76102	dba BOB'S STEAK & CHOP HOUSE	1300 HOUSTON STREET	FORT WORTH	OMNI HOTEL FORT WORTH   	TX	76102	-72	0	608643	9	-673.2	06/21/2011	-673.2	Net 30 Days	06/21/2011	06/21/2011
608895	06/21/2011	92	Posted To General Ledger	3243	25	0	101	CREDIT	SAT	-53.64	800 SUPREME DR.	 	BENSENVILLE	US FOODSERVICE-CHICAGO	IL	60106	TRADE PAYABLES	P.O. BOX 29283	PHOENIX	US FOOD - CHICAGO 3Y	AZ	85038-9283	-1	0	607657	9	-53.64	06/21/2011	-53.64	Net 14 Days	06/21/2011	06/21/2011
608896	06/21/2011	92	Posted To General Ledger	930	29	0	101	CREDIT	SAT	-319.96	21 E. HUBBARD ST.	                              	CHICAGO	SHAWS CRAB HOUSE - CHICAGO 	IL	60611	21 E. HUBBARD ST.	        	CHICAGO	SHAWS CRAB HOUSE - CHICAGO 	IL	60611	-49.3	0	0	10	-319.96	06/21/2011	-319.96	20th EOM	06/21/2011	06/21/2011
608897	06/21/2011	92	Posted To General Ledger	748	4	0	101	CREDIT	SAT	-16.25	1028 NORTH RUSH		CHICAGO	GIBSON'S	IL	60611	1028 NORTH RUSH		CHICAGO	GIBSON'S	IL	60611	-5	0	608562	10	-16.25	06/21/2011	-16.25	Net 30 Days	06/21/2011	06/21/2011
608899	06/21/2011	92	Posted To General Ledger	4152	9	17	140		DB	970.07	401 E. LAS OLAS BLVD.		FORT LAUDERDALE	RARE LAS OLAS	FL	33301	401 E. LAS OLAS BLVD.		FORT LAUDERDALE	RARE LAS OLAS	FL	33301	72.78	89	0	1	954.3	06/21/2011	954.3	Net 30 Days	06/21/2011	06/21/2011
608901	06/21/2011	92	Posted To General Ledger	746	2	0	101	CREDIT	SAT	-879.9	4044 SOUTH HALSTED		CHICAGO	GREAT WESTERN BEEF CO	IL	60609-2671	4044 SOUTH HALSTED		CHICAGO	GREAT WESTERN BEEF CO	IL	60609-2671	-100.56	0	607912	10	-879.9	06/21/2011	-879.9	Net 7 Days	06/21/2011	06/21/2011
608904	06/21/2011	92	Posted To General Ledger	3274	21	23	170	9020333D	JS	3390.85	W137 N9245 HIGHWAY 145	BOX 9001	MENOMONEE FALLS	US FOODSERVICE - MILWAUKEE	WI	53051	TRADES PAYABLES	P.O. BOX 29283	PHOENIX	US FOOD - MILWAUKEE 3D	AZ	85038-9283	341.86	0	0	1	3390.85	06/21/2011	3390.85	Net 14 Days	06/21/2011	06/21/2011
608905	06/21/2011	92	Posted To General Ledger	417	4	23	432		GR	1726.26	5251 SPRING VALLEY ROAD		DALLAS	DEL FRISCO STK HSE - DALLAS	TX	75240	5251 SPRING VALLEY ROAD		DALLAS	DEL FRISCO - DALLAS	TX	75240	192.22	0	0	1	1695.21	06/21/2011	1695.21	Net 14 Days	06/21/2011	06/21/2011
608906	06/21/2011	92	Posted To General Ledger	3243	25	23	401	9022893Y	JS	114.28	900 N FRANKLIN	 	CHICAGO	KIKIS BISTRO	IL	60610	TRADE PAYABLES	P.O. BOX 29283	PHOENIX	US FOOD - CHICAGO 3Y	AZ	85038-9283	12.6	0	0	1	114.28	06/21/2011	114.28	Net 14 Days	06/21/2011	06/21/2011
608907	06/21/2011	92	Posted To General Ledger	3401	22	35	432	9017666W	GR	1934.11	950 S SHILOH ROAD		GARLAND	US FOODSERVICE - DALLAS       	TX	75042	TRADES PAYABLES            	PO BOX 29283	PHOENIX	US FOOD - DALLAS 6W	AZ	8503-9283	180.12	0	0	1	1934.11	06/21/2011	1934.11	Net 14 Days	06/21/2011	06/21/2011
608910	06/21/2011	92	Posted To General Ledger	3832	4	0	300	BILL ONLY	SAT	225.67	9777 LAS VEGAS BLVD. SOUTH		LAS VEGAS	SOUTH POINT HOTEL & CASINO	NV	89183	9777 LAS VEGAS BLVD. SOUTH		LAS VEGAS	SOUTH POINT HOTEL & CASINO	NV	89183	11.34	0	0	1	225.67	06/21/2011	225.67	10th EOM	06/21/2011	06/21/2011
608912	06/21/2011	92	Posted To General Ledger	3680	14	35	28		DB	2683.89	2 TEMPLETON TERR      		BUFFALO	TEMPLETON LANDING	NY	14202	2 TEMPLETON TERR      		BUFFALO	TEMPLETON LANDING	NY	14202	360.26	120	0	1	2683.89	06/21/2011	2683.89	Net 30 Days	06/21/2011	06/21/2011
608913	06/21/2011	92	Posted To General Ledger	3274	21	0	170	9025313D	GR	309.84	W137 N9245 HIGHWAY 145	BOX 9001	MENOMONEE FALLS	US FOODSERVICE - MILWAUKEE	WI	53051	TRADES PAYABLES	P.O. BOX 29283	PHOENIX	US FOOD - MILWAUKEE 3D	AZ	85038-9283	20.74	0	0	1	309.84	06/21/2011	309.84	Net 14 Days	06/21/2011	06/21/2011
608914	06/21/2011	92	Posted To General Ledger	3099	9	17	30	(REPLACEMENT)	DB	65.1	36 BEACON DRIVE		GREENVILLE	CHOP HOUSE 47	SC	29615	36 BEACON DRIVE		GREENVILLE	CHOP HOUSE 47	SC	29615	4.2	17.84	0	1	65.1	06/21/2011	65.1	Net 30 Days	06/21/2011	06/21/2011
608915	06/21/2011	92	Posted To General Ledger	3992	9	17	30		DB	3857.97	102 S 10TH STREET	 	OMAHA	SPENCER'S RESTAURANT	NE	68102	102 S 10TH STREET	 	OMAHA	SPENCER'S RESTAURANT	NE	68102	284.18	0	0	1	3575.3	06/21/2011	3575.3	10th EOM	06/21/2011	06/21/2011
608918	06/21/2011	92	Posted To General Ledger	4151	9	17	30	3500014987	DB	840.12	2138 BUSINESS ROUTE 220		BEDFORD	OMNI HOTEL	PA	15522	2138 BUSINESS ROUTE 220		BEDFORD	OMNI HOTEL - BEDFORD	PA	15522	45.96	50	0	1	840.12	06/21/2011	840.12	Net 30 Days	06/21/2011	06/21/2011
608922	06/21/2011	92	Posted To General Ledger	3243	25	9	101	9036073Y	JS	24966.37	800 SUPREME DR.	 	BENSENVILLE	US FOODSERVICE-CHICAGO	IL	60106	TRADE PAYABLES	P.O. BOX 29283	PHOENIX	US FOOD - CHICAGO 3Y	AZ	85038-9283	2822.47	0	0	1	24909.93	06/21/2011	24909.93	Net 14 Days	06/21/2011	06/21/2011
608925	06/21/2011	92	Posted To General Ledger	3243	25	9	101	9041683Y	JS	319.18	800 SUPREME DR.	 	BENSENVILLE	US FOODSERVICE-CHICAGO	IL	60106	TRADE PAYABLES	P.O. BOX 29283	PHOENIX	US FOOD - CHICAGO 3Y	AZ	85038-9283	55.8	0	0	1	318.06	06/21/2011	318.06	Net 14 Days	06/21/2011	06/21/2011
608932	06/21/2011	92	Posted To General Ledger	1009	4	17	28		GR	413.36	1221 AVENUE OF THE AMERICAS		NEW YORK 	DEL FRISCO STEAK HOUSE-NY	NY	10020	1221 AVENUE OF THE AMERICAS		NEW YORK	DEL FRISCO - NEW YORK	NY	10020	100	0	0	1	300	06/21/2011	300	Net 14 Days	06/21/2011	06/21/2011
